{"loss": 0.1381, "learning_rate": 0.0, "epoch": 1.0, "_timestamp": 1679911978.841393, "/eval_loss": 0.08123806864023209, "/eval_accuracy": 0.9712676056338028, "/eval_f1": 0.9658940874416804, "/eval_size": 51475, "/eval_index": 0, "/eval_runtime": 211.1799, "/eval_samples_per_second": 243.75, "/eval_steps_per_second": 30.472, "/epoch": 1.0, "train_runtime": 1999.4098, "train_samples_per_second": 60.07, "train_steps_per_second": 3.754, "total_flos": 7954827367514112.0, "train_loss": 0.13809125225860977, "_runtime": 1994.210077047348, "_step": 7506, "_wandb": {"runtime": 3682}}