{"loss": 0.2272, "learning_rate": 0.0, "epoch": 2.0, "_timestamp": 1679498738.0237434, "/eval_loss": 0.2165658175945282, "/eval_accuracy": 0.9271739130434783, "/eval_f1": 0.8899629580041951, "/eval_size": 920, "/eval_index": 0, "/eval_runtime": 4.8091, "/eval_samples_per_second": 191.304, "/eval_steps_per_second": 23.913, "/epoch": 2.0, "_runtime": 82.40537738800049, "_step": 268, "train_runtime": 86.9345, "train_samples_per_second": 49.371, "train_steps_per_second": 3.083, "total_flos": 284157752186880.0, "train_loss": 0.2861020031260021, "_wandb": {"runtime": 112}}