{"loss": 0.1855, "learning_rate": 0.0, "epoch": 1.0, "_timestamp": 1679947826.306098, "/eval_loss": 0.10208170861005783, "/eval_accuracy": 0.9598367131946274, "/eval_f1": 0.9409210040437319, "/eval_size": 15188, "/eval_index": 0, "/eval_runtime": 60.1469, "/eval_samples_per_second": 252.515, "/eval_steps_per_second": 31.573, "/epoch": 1.0, "train_runtime": 578.768, "train_samples_per_second": 61.227, "train_steps_per_second": 3.825, "total_flos": 2346387928547328.0, "train_loss": 0.18548994744911643, "_runtime": 575.3439168930054, "_step": 2214, "_wandb": {"runtime": 1071}}