{"loss": 0.1165, "learning_rate": 2.5e-06, "epoch": 7.0, "_timestamp": 1679474700.6112816, "/eval_loss": 0.26139986515045166, "/eval_accuracy": 0.9248704663212435, "/eval_f1": 0.924443994465256, "/eval_size": 386, "/eval_index": 0, "/eval_runtime": 3.9306, "/eval_samples_per_second": 98.203, "/eval_steps_per_second": 12.466, "/epoch": 7.0, "_runtime": 196.91350054740906, "_step": 392, "_wandb": {"runtime": 222}}