{"loss": 0.6325, "learning_rate": 0.0, "epoch": 1.98, "_timestamp": 1679562201.7906644, "/eval_loss": 0.6089578866958618, "/eval_accuracy": 0.6993464052287581, "/eval_f1": 0.4115384615384615, "/eval_size": 153, "/eval_index": 0, "/eval_runtime": 1.7708, "/eval_samples_per_second": 86.4, "/eval_steps_per_second": 11.294, "/epoch": 1.98, "_runtime": 73.92956352233887, "_step": 44, "train_runtime": 74.2241, "train_samples_per_second": 9.62, "train_steps_per_second": 0.593, "total_flos": 46962201934848.0, "train_loss": 0.6550274112007834, "_wandb": {"runtime": 57}}