{"loss": 0.0619, "learning_rate": 0.0, "epoch": 2.0, "_timestamp": 1679579222.3740547, "/eval_loss": 0.06184022128582001, "/eval_accuracy": 0.9847666130144861, "/eval_f1": 0.9816919244946871, "/eval_size": 17396, "/eval_index": 0, "/eval_runtime": 70.5097, "/eval_samples_per_second": 246.718, "/eval_steps_per_second": 30.847, "/epoch": 2.0, "_runtime": 1322.4532165527344, "_step": 5074, "train_runtime": 1327.2281, "train_samples_per_second": 61.164, "train_steps_per_second": 3.823, "total_flos": 5377006528444416.0, "train_loss": 0.10594526087152333, "_wandb": {"runtime": 1875}}