{"loss": 0.2614, "learning_rate": 0.0, "epoch": 2.0, "_timestamp": 1679563540.2245078, "/eval_loss": 0.29633304476737976, "/eval_accuracy": 0.8967611336032388, "/eval_f1": 0.8821388473053893, "/eval_size": 988, "/eval_index": 0, "/eval_runtime": 5.9456, "/eval_samples_per_second": 166.172, "/eval_steps_per_second": 20.856, "/epoch": 2.0, "_runtime": 89.36863088607788, "_step": 288, "train_runtime": 93.6255, "train_samples_per_second": 49.239, "train_steps_per_second": 3.076, "total_flos": 305287431195648.0, "train_loss": 0.3812175194422404, "_wandb": {"runtime": 124}}